DevOPS Engineer,Cloud Engineer,SRE
https://www.linkedin.com/in/evelio-sosa/,https://www.linkedin.com/in/cdiaz1996/,https://www.linkedin.com/in/anton-medv/
https://www.linkedin.com/in/jyothi-vutukuri-a977b5180/,https://www.linkedin.com/in/saeedeh-afshari/,https://www.linkedin.com/in/reza-shiftehfar-39301b6/
https://www.linkedin.com/in/swarnava-basu/,https://www.linkedin.com/in/basir-navab-2ba360130/,https://www.linkedin.com/in/krayvanova/
https://www.linkedin.com/in/adhiradeogade/,https://www.linkedin.com/in/sepidehjahangiri/,https://www.linkedin.com/in/sangeetha-swaminathan/
https://www.linkedin.com/in/vikeshyadav/,https://www.linkedin.com/in/hedycreed/,https://www.linkedin.com/in/damianterebun/
https://www.linkedin.com/in/vikas-jain-00340659/,https://www.linkedin.com/in/mary-ghasemi/,https://www.linkedin.com/in/alexandr-bikbaev-76991a8b/
https://www.linkedin.com/in/krishnaghatti/,https://www.linkedin.com/in/arpitanjha/,https://www.linkedin.com/in/sahilshekhawat/
https://www.linkedin.com/in/razvan-streuneanu-492bb515a/,https://www.linkedin.com/in/zohreh-norouzi/,https://www.linkedin.com/in/cioban/
https://www.linkedin.com/in/priyamanghnani/,https://www.linkedin.com/in/jyothi-vutukuri-a977b5180/,https://www.linkedin.com/in/felix-fuss/
https://www.linkedin.com/in/loki3/,https://www.linkedin.com/in/max-pechyonkin-phd/,https://www.linkedin.com/in/shaylavi/
https://www.linkedin.com/in/ralfjareddeuna/,https://www.linkedin.com/in/daniel-ivanescu-a0651432/,https://www.linkedin.com/in/yijie-wei-a37b22178/
https://www.linkedin.com/in/analsurti/,https://www.linkedin.com/in/shirinmojarad/,https://www.linkedin.com/in/marcoribero/
https://www.linkedin.com/in/milana-gelman-13224b161/,https://www.linkedin.com/in/didiervalat/,https://www.linkedin.com/in/matt-wong/
https://www.linkedin.com/in/nusrat-chowdhury-596204198/,https://www.linkedin.com/in/masihomid/,https://www.linkedin.com/in/kalyanamp/
https://www.linkedin.com/in/dhruv-tiwari-devops/,https://www.linkedin.com/in/varun-sharma-13417980/,https://www.linkedin.com/in/catalina-predoi-48522427/
https://www.linkedin.com/in/satya-n-aab613197/,https://www.linkedin.com/in/jorgevillamizar/,https://www.linkedin.com/in/lucianobaez/
https://www.linkedin.com/in/meyerbro/,https://www.linkedin.com/in/preksha-pansheriya/,https://www.linkedin.com/in/yoav-saroya-973806116/
https://www.linkedin.com/in/priyankapalankar/,https://www.linkedin.com/in/hardik-jain/,https://www.linkedin.com/in/tridgell/
https://www.linkedin.com/in/or-kashi-025993143/,https://www.linkedin.com/in/ektasharma07/,https://www.linkedin.com/in/tofig/
https://www.linkedin.com/in/galbadrakhbattur/,https://www.linkedin.com/in/saikumar-beera-4244065/,https://www.linkedin.com/in/david-mayer-a913a243/
https://www.linkedin.com/in/assaf-rabinovich-3458a0182/,https://www.linkedin.com/in/sahuvaibhav/,https://www.linkedin.com/in/brian-derr-19a2393/
https://www.linkedin.com/in/mmusthafapt/,https://www.linkedin.com/in/kumari-renuka/,https://www.linkedin.com/in/blunderer/
https://www.linkedin.com/in/priyanka-s-01470a79/,https://www.linkedin.com/in/palak-mishra19/,https://www.linkedin.com/in/federico-giraud-1850ab48/
https://www.linkedin.com/in/adavaitya-shivam-82553487/,https://www.linkedin.com/in/bipinupadhyaya/,https://www.linkedin.com/in/ilias-elmoustaoui/
https://www.linkedin.com/in/umangmajmudar/,https://www.linkedin.com/in/blakefraney/,https://www.linkedin.com/in/federico-giraud-1850ab48/
https://www.linkedin.com/in/alinaqirizvi/,https://www.linkedin.com/in/blakefraney/,https://www.linkedin.com/in/abegailjakop/
https://www.linkedin.com/in/akshaymishra9615/,https://www.linkedin.com/in/oluwaseun-walter-a071882b/,https://www.linkedin.com/in/hendilie/
https://www.linkedin.com/in/ryshmanov/,https://www.linkedin.com/in/oluwaseun-walter-a071882b/,https://www.linkedin.com/in/melih-ozlem/
https://www.linkedin.com/in/muni-jagadesh-chirigari-982bb9138/,https://www.linkedin.com/in/karthikeyan-sampathkumar-66a30852/,https://www.linkedin.com/in/massimo-maggi-5ab55862/
https://www.linkedin.com/in/ramana-vesireddy-84a084172/,https://www.linkedin.com/in/neeharikanaidu/,https://www.linkedin.com/in/kumar-varma-kosuri-14b43567/
https://www.linkedin.com/in/sheetal-kulkarni-4a1065103/,https://www.linkedin.com/in/shivank-awasthi/,https://www.linkedin.com/in/or-gerbi-0b7a37182/
https://www.linkedin.com/in/rajeshgurramdevops/,https://www.linkedin.com/in/shivank-awasthi/,https://www.linkedin.com/in/damien-bono/
https://www.linkedin.com/in/nithin-vangari-136b66170/,https://www.linkedin.com/in/rajat-omar-548b0381/,https://www.linkedin.com/in/deckenberg/
https://www.linkedin.com/in/matan-carmeli-0284a7161/,https://www.linkedin.com/in/lcao2001/,https://www.linkedin.com/in/josesanchezsanchez/
,https://www.linkedin.com/in/jplazarin/,https://www.linkedin.com/in/krishna-kumar-nukala-87b593b/
,https://www.linkedin.com/in/shweta-sasidharan/,https://www.linkedin.com/in/jrossnicoll/
,https://www.linkedin.com/in/aya-ayari-011302102/,https://www.linkedin.com/in/froilan-regueiro/
,https://www.linkedin.com/in/alexcravalho/,https://www.linkedin.com/in/yurai-n%C3%BA%C3%B1ez-rodr%C3%ADguez-35833417/
,https://www.linkedin.com/in/abhishek-shaha/,
,https://www.linkedin.com/in/yorambenyaacov/,